No,Date,Time,ID,Result,ST01(0 0.8),ST02(0 0.8),ST03(0 1.0),ST04(0 1.0),ST05(-1.0 1.0),ST06(-1.0 1.0),ST07(-1.0 0.5),ST08(-1.0 0.5),ST09(-1.0 1.0),ST10(-1.0 1.0),ST11(0 0.8),ST12(0 0.8),ST13(0 0.6),P-S,P-F,P-M/N,P-M/N',P-A,P-A',P-E,P-E',P-B,P-C,P-B',P-C',P-K,P-K',P-D,P-L,P-D',P-L',P-M10,P-M10',P-J,P-J',P-H,P-H',P-G,P-G',P-Y,,,,,,,,,,,,,,,
210,2024/1/15,21:50:10,104453101B2401517B049,OK,0.40,0.30,0.20,0.60,0.40,-0.50,0.10,0.00,0.00,-0.70,0.50,0.60,0.60,OK,OK,OK,OK,OK,OK,OK,OK,OK,OK,OK,OK,OK,OK,OK,OK,OK,OK,OK,OK,OK,OK,OK,OK,OK,OK,OK,,,,,,,,,,,,,,,
209,2024/1/15,21:48:47,104453101B2401517B050,NG,0.40,0.20,0.10,0.50,0.40,-0.20,-0.40,-0.20,0.00,-0.40,0.40,0.40,0.50,OK,OK,OK,OK,NG,OK,OK,OK,OK,OK,OK,OK,OK,OK,OK,OK,OK,OK,OK,OK,OK,OK,OK,OK,OK,OK,OK,,,,,,,,,,,,,,,
208,2024/1/15,21:45:13,104453101B2401518B049,NG,0.50,0.10,0.00,0.50,0.90,0.00,-0.20,-0.20,0.60,0.00,0.80,0.20,0.20,OK,OK,OK,OK,OK,OK,OK,OK,NG,OK,OK,OK,OK,OK,OK,OK,OK,OK,OK,OK,OK,OK,OK,OK,OK,OK,OK,,,,,,,,,,,,,,,
207,2024/1/15,21:42:43,104453101B2401518B050,NG,0.40,0.00,0.30,0.60,1.00,0.00,-0.40,-0.60,0.50,0.20,0.70,0.00,0.30,OK,OK,OK,OK,OK,OK,OK,OK,NG,OK,OK,OK,OK,OK,OK,OK,OK,OK,OK,OK,OK,OK,OK,OK,OK,OK,OK,,,,,,,,,,,,,,,
206,2024/1/15,21:40:17,104453101B2401517B048,OK,0.30,0.50,0.00,0.80,0.40,-0.50,0.00,0.00,0.00,-0.80,0.50,0.40,0.30,OK,OK,OK,OK,OK,OK,OK,OK,OK,OK,OK,OK,OK,OK,OK,OK,OK,OK,OK,OK,OK,OK,OK,OK,OK,OK,OK,,,,,,,,,,,,,,,
205,2024/1/15,21:36:26,104453101B2401517B047,OK,0.50,0.50,0.00,0.80,0.30,-0.40,-0.20,0.00,0.00,-0.70,0.60,0.40,0.60,OK,OK,OK,OK,OK,OK,OK,OK,OK,OK,OK,OK,OK,OK,OK,OK,OK,OK,OK,OK,OK,OK,OK,OK,OK,OK,OK,,,,,,,,,,,,,,,
204,2024/1/15,21:33:17,104453101B2401518B047,OK,0.60,0.20,0.10,0.60,1.00,0.30,-0.20,-0.70,0.50,0.10,0.80,0.40,0.20,OK,OK,OK,OK,OK,OK,OK,OK,OK,OK,OK,OK,OK,OK,OK,OK,OK,OK,OK,OK,OK,OK,OK,OK,OK,OK,OK,,,,,,,,,,,,,,,
203,2024/1/15,21:30:59,104453101B2401518B051,NG,0.40,0.00,-0.30,0.50,0.90,0.20,-0.50,-0.50,0.40,0.10,0.70,0.20,0.30,OK,OK,OK,OK,OK,OK,OK,OK,NG,OK,OK,OK,OK,OK,OK,OK,OK,OK,OK,OK,OK,OK,OK,OK,OK,OK,OK,,,,,,,,,,,,,,,
202,2024/1/15,21:28:34,104453101B2401518B040,OK,0.40,0.20,0.20,0.70,0.60,0.00,-0.10,-0.30,0.50,-0.10,0.70,0.30,0.30,OK,OK,OK,OK,OK,OK,OK,OK,OK,OK,OK,OK,OK,OK,OK,OK,OK,OK,OK,OK,OK,OK,OK,OK,OK,OK,OK,,,,,,,,,,,,,,,
201,2024/1/15,21:26:21,104453101B2401517B046,OK,0.30,0.40,0.00,0.80,0.70,0.00,-0.30,-0.10,0.10,-0.60,0.70,0.70,0.50,OK,OK,OK,OK,OK,OK,OK,OK,OK,OK,OK,OK,OK,OK,OK,OK,OK,OK,OK,OK,OK,OK,OK,OK,OK,OK,OK,,,,,,,,,,,,,,,
200,2024/1/15,21:22:20,104453101B2401518B048,NG,0.40,0.00,0.10,0.30,1.30,0.30,-0.60,-0.60,0.80,0.20,0.70,0.30,0.20,OK,OK,OK,OK,OK,OK,OK,OK,OK,OK,OK,OK,OK,OK,OK,OK,OK,OK,OK,OK,OK,OK,OK,OK,OK,OK,OK,,,,,,,,,,,,,,,
199,2024/1/15,21:18:50,104453101B2401518B045,OK,0.40,0.20,0.00,0.00,0.90,0.10,-0.70,-0.40,0.60,0.10,0.60,0.20,0.10,OK,OK,OK,OK,OK,OK,OK,OK,OK,OK,OK,OK,OK,OK,OK,OK,OK,OK,OK,OK,OK,OK,OK,OK,OK,OK,OK,,,,,,,,,,,,,,,
198,2024/1/15,21:16:00,104453101B2401517B045,OK,0.40,0.40,0.10,0.50,0.40,-0.50,-0.10,0.00,0.00,-0.70,0.60,0.70,0.60,OK,OK,OK,OK,OK,OK,OK,OK,OK,OK,OK,OK,OK,OK,OK,OK,OK,OK,OK,OK,OK,OK,OK,OK,OK,OK,OK,,,,,,,,,,,,,,,
197,2024/1/15,21:13:44,104453101B2401517B044,OK,0.40,0.60,0.00,0.80,0.40,0.00,-0.10,-0.20,0.00,-0.40,0.60,0.70,0.50,OK,OK,OK,OK,OK,OK,OK,OK,OK,OK,OK,OK,OK,OK,OK,OK,OK,OK,OK,OK,OK,OK,OK,OK,OK,OK,OK,,,,,,,,,,,,,,,
196,2024/1/15,21:13:04,104453101B2401517B042,OK,0.50,0.30,0.00,0.60,0.60,0.00,-0.30,-0.10,0.00,-0.40,0.60,0.00,0.50,OK,OK,OK,OK,OK,OK,OK,OK,OK,OK,OK,OK,OK,OK,OK,OK,OK,OK,OK,OK,OK,OK,OK,OK,OK,OK,OK,,,,,,,,,,,,,,,
195,2024/1/15,21:07:28,104453101B2401517B041,OK,0.50,0.50,0.00,0.50,0.60,0.00,-0.30,-0.10,0.00,-0.60,0.40,0.70,0.60,OK,OK,OK,OK,OK,OK,OK,OK,OK,OK,OK,OK,OK,OK,OK,OK,OK,OK,OK,OK,OK,OK,OK,OK,OK,OK,OK,,,,,,,,,,,,,,,
194,2024/1/15,21:05:12,104453101B2401518B042,NG,0.30,0.30,0.50,0.60,1.20,0.20,-0.60,-0.60,0.80,0.10,0.40,0.30,0.10,OK,OK,OK,OK,OK,OK,OK,OK,OK,OK,OK,OK,OK,OK,OK,OK,OK,OK,OK,OK,OK,OK,OK,OK,OK,OK,OK,,,,,,,,,,,,,,,
193,2024/1/15,21:00:47,104453101B2401517B043,OK,0.40,0.50,0.30,0.80,0.60,-0.10,-0.10,-0.50,0.10,-0.30,0.40,0.20,0.40,OK,OK,OK,OK,OK,OK,OK,OK,OK,OK,OK,OK,OK,OK,OK,OK,OK,OK,OK,OK,OK,OK,OK,OK,OK,OK,OK,,,,,,,,,,,,,,,
192,2024/1/15,20:55:59,104453101B2401518B046,NG,0.40,0.00,0.00,0.40,0.90,-0.10,-0.30,-0.40,0.40,-0.10,0.70,0.20,-0.60,OK,OK,OK,OK,OK,OK,OK,OK,NG,OK,OK,OK,OK,OK,OK,OK,OK,OK,OK,OK,OK,OK,OK,OK,OK,OK,OK,,,,,,,,,,,,,,,
191,2024/1/15,20:52:15,104453101B2401517B040,OK,0.30,0.50,0.30,0.80,0.80,0.00,-0.40,-0.20,0.40,-0.60,0.30,0.50,0.00,OK,OK,OK,OK,OK,OK,OK,OK,OK,OK,OK,OK,OK,OK,OK,OK,OK,OK,OK,OK,OK,OK,OK,OK,OK,OK,OK,,,,,,,,,,,,,,,
190,2024/1/15,20:49:33,104453101B2401518B041,OK,0.60,0.20,0.00,0.40,0.90,-0.20,-0.30,-0.40,0.40,0.10,0.80,0.10,0.20,OK,OK,OK,OK,OK,OK,OK,OK,OK,OK,OK,OK,OK,OK,OK,OK,OK,OK,OK,OK,OK,OK,OK,OK,OK,OK,OK,,,,,,,,,,,,,,,
189,2024/1/15,20:45:51,104453101B2401518B044,OK,0.50,0.20,0.00,0.50,1.00,0.00,-0.30,-0.60,0.50,0.00,0.60,0.20,0.10,OK,OK,OK,OK,OK,OK,OK,OK,OK,OK,OK,OK,OK,OK,OK,OK,OK,OK,OK,OK,OK,OK,OK,OK,OK,OK,OK,,,,,,,,,,,,,,,
188,2024/1/15,20:43:50,104453101B2401518B043,OK,0.40,0.20,0.00,0.20,0.90,0.00,-0.40,-0.40,0.50,0.00,0.70,0.20,0.20,OK,OK,OK,OK,OK,OK,OK,OK,OK,OK,OK,OK,OK,OK,OK,OK,OK,OK,OK,OK,OK,OK,OK,OK,OK,OK,OK,,,,,,,,,,,,,,,
187,2024/1/15,20:41:03,104453101B2401517B039,OK,0.40,0.60,0.00,0.60,0.50,-0.50,-0.20,-0.20,0.20,-0.50,0.20,0.10,0.40,OK,OK,OK,OK,OK,OK,OK,OK,OK,OK,OK,OK,OK,OK,OK,OK,OK,OK,OK,OK,OK,OK,OK,OK,OK,OK,OK,,,,,,,,,,,,,,,
186,2024/1/15,20:38:55,104453101B2401518B039,OK,0.40,0.10,0.40,0.60,1.00,-0.20,-0.40,-0.30,0.60,0.00,0.80,0.20,0.20,OK,OK,OK,OK,OK,OK,OK,OK,OK,OK,OK,OK,OK,OK,OK,OK,OK,OK,OK,OK,OK,OK,OK,OK,OK,OK,OK,,,,,,,,,,,,,,,
185,2024/1/15,20:36:57,104453101B2401517B038,OK,0.10,0.50,0.00,0.60,0.70,-0.40,-0.40,0.00,0.40,-0.60,0.30,0.60,0.50,OK,OK,OK,OK,OK,OK,OK,OK,OK,OK,OK,OK,OK,OK,OK,OK,OK,OK,OK,OK,OK,OK,OK,OK,OK,OK,OK,,,,,,,,,,,,,,,
184,2024/1/15,20:33:51,104453101B2401518B035,NG,0.40,0.10,0.10,0.50,0.10,0.10,-0.40,-0.60,0.70,0.10,0.60,0.30,0.20,OK,OK,OK,OK,OK,OK,OK,OK,NG,OK,OK,OK,OK,OK,OK,OK,OK,OK,OK,OK,OK,OK,OK,OK,OK,OK,OK,,,,,,,,,,,,,,,
183,2024/1/15,20:32:04,104453101B2401517B037,OK,0.30,0.60,0.00,0.70,0.20,-0.20,-0.50,-0.20,0.30,-0.10,0.30,0.40,0.60,OK,OK,OK,OK,OK,OK,OK,OK,OK,OK,OK,OK,OK,OK,OK,OK,OK,OK,OK,OK,OK,OK,OK,OK,OK,OK,OK,,,,,,,,,,,,,,,
182,2024/1/15,20:29:26,104453101B2401517B036,OK,0.30,0.50,0.00,0.60,-0.60,-0.50,-0.20,0.00,0.30,-0.20,0.50,0.60,0.50,OK,OK,OK,OK,OK,OK,OK,OK,OK,OK,OK,OK,OK,OK,OK,OK,OK,OK,OK,OK,OK,OK,OK,OK,OK,OK,OK,,,,,,,,,,,,,,,
181,2024/1/15,20:27:14,104453101B2401517B035,OK,0.50,0.50,0.10,0.40,-0.30,0.00,-0.30,-0.40,0.00,-0.40,0.00,0.70,0.50,OK,OK,OK,OK,OK,OK,OK,OK,OK,OK,OK,OK,OK,OK,OK,OK,OK,OK,OK,OK,OK,OK,OK,OK,OK,OK,OK,,,,,,,,,,,,,,,
180,2024/1/15,20:23:58,104453101B2401518B038,OK,0.20,0.20,0.00,0.40,0.20,0.40,-0.50,-0.40,0.70,0.10,0.70,0.10,0.30,OK,OK,OK,OK,OK,OK,OK,OK,OK,OK,OK,OK,OK,OK,OK,OK,OK,OK,OK,OK,OK,OK,OK,OK,OK,OK,OK,,,,,,,,,,,,,,,
179,2024/1/15,20:21:58,104453101B2401517B034,OK,0.30,0.50,0.00,0.60,-0.20,0.00,-0.30,-0.10,0.00,-0.40,0.40,0.50,0.30,OK,OK,OK,OK,OK,OK,OK,OK,OK,OK,OK,OK,OK,OK,OK,OK,OK,OK,OK,OK,OK,OK,OK,OK,OK,OK,OK,,,,,,,,,,,,,,,
178,2024/1/15,20:19:40,104453101B2401518B037,NG,0.20,0.20,0.10,0.30,0.50,0.00,-0.30,-0.50,0.40,0.10,0.80,0.00,0.20,OK,OK,OK,OK,OK,OK,OK,OK,NG,OK,OK,OK,OK,OK,OK,OK,OK,OK,OK,OK,OK,OK,OK,OK,OK,OK,OK,,,,,,,,,,,,,,,
177,2024/1/15,20:17:43,104453101B2401517B033,OK,0.30,0.40,0.00,0.50,-0.30,-0.40,-0.40,-0.10,0.00,-0.50,0.40,0.50,0.60,OK,OK,OK,OK,OK,OK,OK,OK,OK,OK,OK,OK,OK,OK,OK,OK,OK,OK,OK,OK,OK,OK,OK,OK,OK,OK,OK,,,,,,,,,,,,,,,
176,2024/1/15,20:15:11,104453101B2401518B033,NG,0.40,0.30,0.00,0.40,0.20,0.10,-0.40,-0.20,0.60,0.00,0.80,0.20,0.10,OK,OK,OK,OK,OK,OK,OK,OK,NG,OK,OK,OK,OK,OK,OK,OK,OK,OK,OK,OK,OK,OK,OK,OK,OK,OK,OK,,,,,,,,,,,,,,,
175,2024/1/15,20:13:11,104453101B2401517B032,OK,0.30,0.60,0.00,0.80,0.00,0.00,-0.40,-0.20,0.10,-0.30,0.50,0.50,0.40,OK,OK,OK,OK,OK,OK,OK,OK,OK,OK,OK,OK,OK,OK,OK,OK,OK,OK,OK,OK,OK,OK,OK,OK,OK,OK,OK,,,,,,,,,,,,,,,
174,2024/1/15,20:11:10,104453101B2401517B031,OK,0.40,0.60,0.00,0.50,-0.30,-0.20,-0.20,-0.20,-0.10,-0.40,0.40,0.70,0.60,OK,OK,OK,OK,OK,OK,OK,OK,OK,OK,OK,OK,OK,OK,OK,OK,OK,OK,OK,OK,OK,OK,OK,OK,OK,OK,OK,,,,,,,,,,,,,,,
173,2024/1/15,20:07:59,104453101B2401518B036,NG,0.40,0.10,0.20,0.40,0.10,0.60,-0.30,-0.50,0.60,0.40,0.80,0.60,0.10,OK,OK,OK,OK,OK,OK,OK,OK,NG,OK,OK,OK,OK,OK,OK,OK,OK,OK,OK,OK,OK,OK,OK,OK,OK,OK,OK,,,,,,,,,,,,,,,
172,2024/1/15,19:58:33,104453101B2401518B032,NG,0.30,0.30,0.00,0.40,0.20,0.20,-0.20,-0.40,0.40,0.10,0.80,0.00,0.20,OK,OK,OK,OK,OK,OK,OK,OK,NG,OK,OK,OK,OK,OK,OK,OK,OK,OK,OK,OK,OK,OK,OK,OK,OK,OK,OK,,,,,,,,,,,,,,,
171,2024/1/15,19:56:11,104453101B2401517B030,OK,0.40,0.60,0.20,0.70,-0.20,-0.30,-0.20,-0.10,0.10,-0.20,0.20,0.20,0.60,OK,OK,OK,OK,OK,OK,OK,OK,OK,OK,OK,OK,OK,OK,OK,OK,OK,OK,OK,OK,OK,OK,OK,OK,OK,OK,OK,,,,,,,,,,,,,,,
170,2024/1/15,19:54:26,104453101B2401518B028,OK,0.30,0.20,0.60,0.30,0.30,0.00,0.00,-0.50,0.50,0.00,0.40,0.50,0.00,OK,OK,OK,OK,OK,OK,OK,OK,OK,OK,OK,OK,OK,OK,OK,OK,OK,OK,OK,OK,OK,OK,OK,OK,OK,OK,OK,,,,,,,,,,,,,,,
169,2024/1/15,19:52:32,104453101B2401518B034,OK,0.40,0.30,0.00,0.30,0.20,-0.10,-0.30,-0.20,0.60,0.00,0.80,0.30,0.40,OK,OK,OK,OK,OK,OK,OK,OK,OK,OK,OK,OK,OK,OK,OK,OK,OK,OK,OK,OK,OK,OK,OK,OK,OK,OK,OK,,,,,,,,,,,,,,,
168,2024/1/15,19:50:38,104453101B2401517B028,OK,0.00,0.40,0.10,0.60,-0.30,-0.20,-0.20,0.00,0.00,-0.50,0.00,0.60,0.60,OK,OK,OK,OK,OK,OK,OK,OK,OK,OK,OK,OK,OK,OK,OK,OK,OK,OK,OK,OK,OK,OK,OK,OK,OK,OK,OK,,,,,,,,,,,,,,,
167,2024/1/15,19:48:31,104453101B2401517B029,OK,0.30,0.40,0.10,0.70,-0.40,-0.10,-0.80,-0.20,0.10,-0.30,0.00,0.70,0.40,OK,OK,OK,OK,OK,OK,OK,OK,OK,OK,OK,OK,OK,OK,OK,OK,OK,OK,OK,OK,OK,OK,OK,OK,OK,OK,OK,,,,,,,,,,,,,,,
166,2024/1/15,19:45:26,104453101B2401518B029,OK,0.40,0.00,0.30,0.60,0.20,0.20,-0.40,-0.40,0.60,0.00,0.60,0.10,0.10,OK,OK,OK,OK,OK,OK,OK,OK,OK,OK,OK,OK,OK,OK,OK,OK,OK,OK,OK,OK,OK,OK,OK,OK,OK,OK,OK,,,,,,,,,,,,,,,
165,2024/1/15,19:42:58,104453101B2401517B027,NG,0.50,0.60,0.10,0.60,0.00,0.10,-0.30,-0.20,0.20,-0.40,0.30,0.70,0.50,OK,OK,OK,OK,NG,OK,OK,OK,OK,OK,OK,OK,OK,OK,OK,OK,OK,OK,OK,OK,OK,OK,OK,OK,OK,OK,OK,,,,,,,,,,,,,,,
164,2024/1/15,19:40:13,104453101B2401518B031,OK,0.40,0.10,0.90,0.60,0.10,0.10,-0.20,-0.40,0.60,0.00,0.40,0.30,0.20,OK,OK,OK,OK,OK,OK,OK,OK,OK,OK,OK,OK,OK,OK,OK,OK,OK,OK,OK,OK,OK,OK,OK,OK,OK,OK,OK,,,,,,,,,,,,,,,
163,2024/1/15,19:39:34,104453101B2401518B030,OK,0.50,0.10,0.00,0.60,0.40,0.30,-0.70,-0.30,0.70,0.00,0.80,0.40,0.30,OK,OK,OK,OK,OK,OK,OK,OK,OK,OK,OK,OK,OK,OK,OK,OK,OK,OK,OK,OK,OK,OK,OK,OK,OK,OK,OK,,,,,,,,,,,,,,,
162,2024/1/15,19:36:44,104453101B2401517B026,NG,0.40,0.60,0.00,0.50,0.10,0.00,-0.50,-0.20,0.10,-0.30,0.60,0.60,0.60,OK,OK,OK,OK,NG,OK,OK,OK,OK,OK,OK,OK,OK,OK,OK,OK,OK,OK,OK,OK,OK,OK,OK,OK,OK,OK,OK,,,,,,,,,,,,,,,
161,2024/1/15,19:27:19,104453101B2401517B025,NG,0.30,0.50,0.20,0.60,-0.20,0.00,-0.20,-0.10,0.00,-0.60,0.30,0.70,0.50,OK,OK,OK,OK,NG,OK,OK,OK,OK,OK,OK,OK,OK,OK,OK,OK,OK,OK,OK,OK,OK,OK,OK,OK,OK,OK,OK,,,,,,,,,,,,,,,
160,2024/1/15,19:26:39,104453101B2401518B026,OK,0.40,0.00,0.50,0.50,0.20,0.00,-0.30,-0.40,0.40,0.10,0.60,0.40,0.10,OK,OK,OK,OK,OK,OK,OK,OK,OK,OK,OK,OK,OK,OK,OK,OK,OK,OK,OK,OK,OK,OK,OK,OK,OK,OK,OK,,,,,,,,,,,,,,,
159,2024/1/15,19:22:04,104453101B2401518B025,NG,0.50,0.20,0.00,0.70,0.00,-0.20,0.00,0.10,0.30,-0.20,0.70,0.00,-0.10,OK,OK,OK,OK,OK,OK,OK,OK,NG,OK,OK,OK,OK,OK,OK,OK,OK,OK,OK,OK,OK,OK,OK,OK,OK,OK,OK,,,,,,,,,,,,,,,
158,2024/1/15,19:19:24,104453101B2401517B024,NG,0.40,0.40,0.00,0.50,0.20,0.00,-0.60,-0.20,0.10,-0.40,-0.40,0.70,0.50,OK,OK,OK,OK,OK,OK,OK,OK,OK,OK,OK,OK,OK,OK,OK,OK,OK,OK,OK,OK,OK,OK,OK,OK,OK,OK,OK,,,,,,,,,,,,,,,
157,2024/1/15,19:17:32,104453101B2401518B019,OK,0.30,0.30,0.00,0.40,0.20,0.20,-0.40,-0.10,0.50,0.00,0.80,0.30,0.30,OK,OK,OK,OK,OK,OK,OK,OK,OK,OK,OK,OK,OK,OK,OK,OK,OK,OK,OK,OK,OK,OK,OK,OK,OK,OK,OK,,,,,,,,,,,,,,,
156,2024/1/15,19:14:08,104453101B2401517B023,NG,0.30,0.40,0.00,0.50,-0.30,0.00,-0.70,-0.20,0.40,-0.30,0.40,0.60,0.20,OK,OK,OK,OK,NG,OK,OK,OK,OK,OK,OK,OK,OK,OK,OK,OK,OK,OK,OK,OK,OK,OK,OK,OK,OK,OK,OK,,,,,,,,,,,,,,,
155,2024/1/15,19:11:58,104453101B2401517B022,OK,0.30,0.40,0.10,0.50,-0.20,-0.30,-0.40,0.00,0.00,-0.30,0.00,0.60,0.20,OK,OK,OK,OK,OK,OK,OK,OK,OK,OK,OK,OK,OK,OK,OK,OK,OK,OK,OK,OK,OK,OK,OK,OK,OK,OK,OK,,,,,,,,,,,,,,,
154,2024/1/15,19:09:19,104453101B2401517B021,NG,0.30,0.50,0.00,0.70,-0.10,-0.30,-0.40,0.00,0.20,-0.30,0.40,0.60,0.50,OK,OK,OK,OK,NG,OK,OK,OK,OK,OK,OK,OK,OK,OK,OK,OK,OK,OK,OK,OK,OK,OK,OK,OK,OK,OK,OK,,,,,,,,,,,,,,,
153,2024/1/15,19:06:53,104453101B2401518B027,OK,0.40,0.20,0.50,0.50,0.00,0.10,-0.10,-0.30,0.50,0.00,0.50,0.40,0.30,OK,OK,OK,OK,OK,OK,OK,OK,OK,OK,OK,OK,OK,OK,OK,OK,OK,OK,OK,OK,OK,OK,OK,OK,OK,OK,OK,,,,,,,,,,,,,,,
152,2024/1/15,19:04:16,104453101B2401517B020,OK,0.30,0.50,0.00,0.50,0.00,-0.50,-0.40,-0.10,0.00,-0.40,0.40,0.70,0.60,OK,OK,OK,OK,OK,OK,OK,OK,OK,OK,OK,OK,OK,OK,OK,OK,OK,OK,OK,OK,OK,OK,OK,OK,OK,OK,OK,,,,,,,,,,,,,,,
151,2024/1/15,18:58:49,104453101B2401518B017,OK,0.40,0.00,0.50,0.50,0.30,0.40,-0.30,-0.60,0.70,0.30,0.70,0.30,0.30,OK,OK,OK,OK,OK,OK,OK,OK,OK,OK,OK,OK,OK,OK,OK,OK,OK,OK,OK,OK,OK,OK,OK,OK,OK,OK,OK,,,,,,,,,,,,,,,
150,2024/1/15,18:48:40,104453101B2401517B019,OK,0.30,0.20,0.00,0.80,-0.20,-0.10,-0.40,-0.20,0.10,-0.50,0.40,0.80,0.60,OK,OK,OK,OK,OK,OK,OK,OK,OK,OK,OK,OK,OK,OK,OK,OK,OK,OK,OK,OK,OK,OK,OK,OK,OK,OK,OK,,,,,,,,,,,,,,,
149,2024/1/15,18:45:50,104453101B2401518B023,OK,0.50,0.00,0.30,0.60,0.20,0.10,-0.50,-0.30,0.60,0.10,0.60,0.40,0.20,OK,OK,OK,OK,OK,OK,OK,OK,OK,OK,OK,OK,OK,OK,OK,OK,OK,OK,OK,OK,OK,OK,OK,OK,OK,OK,OK,,,,,,,,,,,,,,,
148,2024/1/15,18:42:32,104453101B2401518B024,OK,0.40,0.30,0.50,0.30,0.80,0.20,-0.30,-0.70,0.60,0.20,0.60,0.50,0.40,OK,OK,OK,OK,OK,OK,OK,OK,OK,OK,OK,OK,OK,OK,OK,OK,OK,OK,OK,OK,OK,OK,OK,OK,OK,OK,OK,,,,,,,,,,,,,,,
147,2024/1/15,18:40:07,104453101B2401518B016,OK,0.50,0.10,0.00,0.30,0.70,0.30,-0.80,-0.70,0.90,0.20,0.70,0.20,0.20,OK,OK,OK,OK,OK,OK,OK,OK,OK,OK,OK,OK,OK,OK,OK,OK,OK,OK,OK,OK,OK,OK,OK,OK,OK,OK,OK,,,,,,,,,,,,,,,
146,2024/1/15,18:38:16,104453101B2401517B018,OK,0.30,0.50,0.00,0.70,-0.10,0.10,-0.30,-0.50,0.00,-0.40,0.40,0.70,0.30,OK,OK,OK,OK,OK,OK,OK,OK,OK,OK,OK,OK,OK,OK,OK,OK,OK,OK,OK,OK,OK,OK,OK,OK,OK,OK,OK,,,,,,,,,,,,,,,
145,2024/1/15,18:36:10,104453101B2401517B017,OK,0.30,0.40,0.30,0.70,-0.40,-0.60,-0.20,0.00,0.00,-0.60,0.40,0.70,0.40,OK,OK,OK,OK,OK,OK,OK,OK,OK,OK,OK,OK,OK,OK,OK,OK,OK,OK,OK,OK,OK,OK,OK,OK,OK,OK,OK,,,,,,,,,,,,,,,
144,2024/1/15,18:33:35,104453101B2401518B021,OK,0.50,0.30,0.60,0.60,1.00,0.20,-0.70,-0.60,1.00,0.10,0.70,0.40,0.30,OK,OK,OK,OK,OK,OK,OK,OK,OK,OK,OK,OK,OK,OK,OK,OK,OK,OK,OK,OK,OK,OK,OK,OK,OK,OK,OK,,,,,,,,,,,,,,,
143,2024/1/15,18:31:17,104453101B2401518B022,NG,0.40,0.00,0.30,0.60,0.10,0.30,-0.20,-0.60,0.70,0.10,0.60,0.40,0.20,OK,OK,OK,OK,OK,OK,OK,OK,NG,OK,OK,OK,OK,OK,OK,OK,OK,OK,OK,OK,OK,OK,OK,OK,OK,OK,OK,,,,,,,,,,,,,,,
142,2024/1/15,18:29:06,104453101B2401518B020,OK,0.40,0.30,0.20,0.40,1.00,0.30,-0.70,-0.40,0.80,0.10,0.70,0.10,0.20,OK,OK,OK,OK,OK,OK,OK,OK,OK,OK,OK,OK,OK,OK,OK,OK,OK,OK,OK,OK,OK,OK,OK,OK,OK,OK,OK,,,,,,,,,,,,,,,
141,2024/1/15,18:20:00,104453101B2401517B016,OK,0.10,0.50,0.20,0.50,-0.10,-0.30,0.00,0.10,0.00,-0.70,0.30,0.00,0.30,OK,OK,OK,OK,OK,OK,OK,OK,OK,OK,OK,OK,OK,OK,OK,OK,OK,OK,OK,OK,OK,OK,OK,OK,OK,OK,OK,,,,,,,,,,,,,,,
140,2024/1/15,18:16:55,104453101B2401517B015,OK,0.00,0.50,0.30,0.50,0.10,-0.40,-0.20,0.00,0.20,-0.50,0.40,0.70,0.40,OK,OK,OK,OK,OK,OK,OK,OK,OK,OK,OK,OK,OK,OK,OK,OK,OK,OK,OK,OK,OK,OK,OK,OK,OK,OK,OK,,,,,,,,,,,,,,,
139,2024/1/15,18:14:32,104453101B2401518B018,OK,0.30,0.10,0.50,0.40,0.50,0.20,-0.70,-0.60,0.90,0.20,0.50,0.00,0.20,OK,OK,OK,OK,OK,OK,OK,OK,OK,OK,OK,OK,OK,OK,OK,OK,OK,OK,OK,OK,OK,OK,OK,OK,OK,OK,OK,,,,,,,,,,,,,,,
138,2024/1/15,18:12:27,104453101B2401517B014,NG,0.30,0.50,0.30,0.50,-0.50,-0.40,-0.20,-0.10,0.10,-0.50,0.40,0.40,0.40,OK,OK,OK,OK,NG,OK,OK,OK,OK,OK,OK,OK,OK,OK,OK,OK,OK,OK,OK,OK,OK,OK,OK,OK,OK,OK,OK,,,,,,,,,,,,,,,
137,2024/1/15,18:10:30,104453101B2401517B013,OK,0.30,0.50,0.00,0.10,-0.10,-0.60,-0.30,0.00,0.10,-0.40,0.00,0.40,0.50,OK,OK,OK,OK,OK,OK,OK,OK,OK,OK,OK,OK,OK,OK,OK,OK,OK,OK,OK,OK,OK,OK,OK,OK,OK,OK,OK,,,,,,,,,,,,,,,
136,2024/1/15,18:08:32,104453101B2401518B015,OK,0.50,0.20,0.40,0.50,0.30,-0.10,0.00,-0.30,0.40,-0.10,0.70,0.10,0.10,OK,OK,OK,OK,OK,OK,OK,OK,OK,OK,OK,OK,OK,OK,OK,OK,OK,OK,OK,OK,OK,OK,OK,OK,OK,OK,OK,,,,,,,,,,,,,,,
135,2024/1/15,18:01:38,104453101B2401518B013,OK,0.40,0.20,0.50,0.20,0.10,0.00,-0.20,-0.60,0.50,0.20,0.80,0.30,0.10,OK,OK,OK,OK,OK,OK,OK,OK,OK,OK,OK,OK,OK,OK,OK,OK,OK,OK,OK,OK,OK,OK,OK,OK,OK,OK,OK,,,,,,,,,,,,,,,
134,2024/1/15,17:58:17,104453101B2401518B014,OK,0.30,0.20,0.30,0.00,0.20,0.00,-0.50,-0.40,0.60,0.00,0.80,0.20,0.00,OK,OK,OK,OK,OK,OK,OK,OK,OK,OK,OK,OK,OK,OK,OK,OK,OK,OK,OK,OK,OK,OK,OK,OK,OK,OK,OK,,,,,,,,,,,,,,,
133,2024/1/15,17:45:47,104453101B2401518B012,OK,0.30,0.20,0.50,0.50,0.30,-0.10,-0.50,-0.30,0.70,0.10,0.50,0.40,0.00,OK,OK,OK,OK,OK,OK,OK,OK,OK,OK,OK,OK,OK,OK,OK,OK,OK,OK,OK,OK,OK,OK,OK,OK,OK,OK,OK,,,,,,,,,,,,,,,
132,2024/1/15,17:43:38,104453101B2401517B012,OK,0.40,0.40,0.00,0.80,0.00,-0.10,-0.20,-0.20,0.00,-0.40,0.40,0.20,0.50,OK,OK,OK,OK,OK,OK,OK,OK,OK,OK,OK,OK,OK,OK,OK,OK,OK,OK,OK,OK,OK,OK,OK,OK,OK,OK,OK,,,,,,,,,,,,,,,
131,2024/1/15,17:15:59,104453101B2401518B010,OK,0.20,0.20,0.60,0.50,0.60,0.60,-0.80,-0.60,1.00,0.40,0.50,0.40,0.10,OK,OK,OK,OK,OK,OK,OK,OK,OK,OK,OK,OK,OK,OK,OK,OK,OK,OK,OK,OK,OK,OK,OK,OK,OK,OK,OK,,,,,,,,,,,,,,,
130,2024/1/15,17:13:10,104453101B2401517B011,OK,0.30,0.50,0.10,0.80,0.00,0.30,-0.40,0.00,0.00,-0.50,0.50,0.70,0.20,OK,OK,OK,OK,OK,OK,OK,OK,OK,OK,OK,OK,OK,OK,OK,OK,OK,OK,OK,OK,OK,OK,OK,OK,OK,OK,OK,,,,,,,,,,,,,,,
129,2024/1/15,17:10:32,104453101B2401517B010,OK,0.00,0.60,0.00,0.70,0.20,0.10,-0.60,-0.40,0.10,-0.20,0.20,0.70,0.40,OK,OK,OK,OK,OK,OK,OK,OK,OK,OK,OK,OK,OK,OK,OK,OK,OK,OK,OK,OK,OK,OK,OK,OK,OK,OK,OK,,,,,,,,,,,,,,,
128,2024/1/15,17:08:04,104453101B2401518B009,OK,0.40,0.20,0.70,0.40,0.60,0.00,-0.70,-0.70,0.90,0.60,0.50,0.30,0.20,OK,OK,OK,OK,OK,OK,OK,OK,OK,OK,OK,OK,OK,OK,OK,OK,OK,OK,OK,OK,OK,OK,OK,OK,OK,OK,OK,,,,,,,,,,,,,,,
127,2024/1/15,17:03:30,104453101B2401518B011,OK,0.40,0.20,0.60,0.40,0.70,-0.20,-0.70,-0.60,0.90,0.10,0.80,0.30,0.20,OK,OK,OK,OK,OK,OK,OK,OK,OK,OK,OK,OK,OK,OK,OK,OK,OK,OK,OK,OK,OK,OK,OK,OK,OK,OK,OK,,,,,,,,,,,,,,,
126,2024/1/15,17:00:23,104453101B2401517B009,OK,0.30,0.40,0.00,0.80,-0.20,-0.50,-0.30,-0.20,-0.10,-0.60,0.30,0.80,0.20,OK,OK,OK,OK,OK,OK,OK,OK,OK,OK,OK,OK,OK,OK,OK,OK,OK,OK,OK,OK,OK,OK,OK,OK,OK,OK,OK,,,,,,,,,,,,,,,
125,2024/1/15,16:58:11,104453101B2401517B008,OK,0.20,0.40,0.30,0.50,-0.20,-0.40,-0.50,-0.10,0.00,-0.30,0.00,0.60,0.40,OK,OK,OK,OK,OK,OK,OK,OK,OK,OK,OK,OK,OK,OK,OK,OK,OK,OK,OK,OK,OK,OK,OK,OK,OK,OK,OK,,,,,,,,,,,,,,,
124,2024/1/15,16:56:36,104453101B2401517B007,OK,0.40,0.30,0.10,0.60,-0.30,-0.60,-0.60,0.00,0.30,-0.60,0.30,0.80,0.30,OK,OK,OK,OK,OK,OK,OK,OK,OK,OK,OK,OK,OK,OK,OK,OK,OK,OK,OK,OK,OK,OK,OK,OK,OK,OK,OK,,,,,,,,,,,,,,,
123,2024/1/15,16:54:32,104453101B2401518B002,OK,0.50,0.10,0.20,0.40,0.30,0.00,-0.60,-0.50,0.80,0.10,0.70,0.10,0.20,OK,OK,OK,OK,OK,OK,OK,OK,OK,OK,OK,OK,OK,OK,OK,OK,OK,OK,OK,OK,OK,OK,OK,OK,OK,OK,OK,,,,,,,,,,,,,,,
122,2024/1/15,16:52:13,104453101B2401518B008,NG,0.50,0.20,0.80,0.60,0.30,-0.40,-0.40,-0.50,0.60,0.10,0.70,0.30,0.20,OK,OK,OK,OK,OK,OK,OK,OK,NG,OK,OK,OK,OK,OK,OK,OK,OK,OK,OK,OK,OK,OK,OK,OK,OK,OK,OK,,,,,,,,,,,,,,,
121,2024/1/15,16:46:32,104453101B2401518B006,NG,0.40,0.20,0.40,0.00,0.40,-0.40,-0.40,-0.30,0.60,0.00,0.30,0.30,0.20,OK,OK,OK,OK,OK,OK,OK,OK,NG,OK,OK,OK,OK,OK,OK,OK,OK,OK,OK,OK,OK,OK,OK,OK,OK,OK,OK,,,,,,,,,,,,,,,
120,2024/1/15,16:43:35,104453101B2401517B006,OK,0.30,0.70,0.30,0.70,0.50,0.20,-0.30,-0.30,0.10,0.10,0.10,0.50,0.40,OK,OK,OK,OK,OK,OK,OK,OK,OK,OK,OK,OK,OK,OK,OK,OK,OK,OK,OK,OK,OK,OK,OK,OK,OK,OK,OK,,,,,,,,,,,,,,,
119,2024/1/15,16:41:35,104453101B2401517B005,OK,0.30,0.50,0.10,0.60,0.10,-0.30,-0.30,-0.10,-0.20,-0.10,0.20,0.60,0.40,OK,OK,OK,OK,OK,OK,OK,OK,OK,OK,OK,OK,OK,OK,OK,OK,OK,OK,OK,OK,OK,OK,OK,OK,OK,OK,OK,,,,,,,,,,,,,,,
118,2024/1/15,16:39:19,104453101B2401518B004,OK,0.40,0.40,0.00,0.50,0.00,-0.40,-0.30,-0.30,0.40,0.10,0.80,0.30,0.10,OK,OK,OK,OK,OK,OK,OK,OK,OK,OK,OK,OK,OK,OK,OK,OK,OK,OK,OK,OK,OK,OK,OK,OK,OK,OK,OK,,,,,,,,,,,,,,,
117,2024/1/15,16:37:07,104453101B2401518B007,OK,0.30,0.20,0.30,0.30,0.10,-0.40,-0.30,-0.40,0.50,0.00,0.70,0.20,0.20,OK,OK,OK,OK,OK,OK,OK,OK,OK,OK,OK,OK,OK,OK,OK,OK,OK,OK,OK,OK,OK,OK,OK,OK,OK,OK,OK,,,,,,,,,,,,,,,
116,2024/1/15,16:36:24,104453101B2401518B003,OK,0.40,0.30,0.20,0.30,0.60,-0.10,-0.70,-0.80,0.80,0.40,0.60,0.30,0.30,OK,OK,OK,OK,OK,OK,OK,OK,OK,OK,OK,OK,OK,OK,OK,OK,OK,OK,OK,OK,OK,OK,OK,OK,OK,OK,OK,,,,,,,,,,,,,,,
115,2024/1/15,16:31:46,104453101B2401517B004,OK,0.00,0.50,0.20,0.50,-0.30,-0.40,-0.20,0.00,0.00,-0.40,0.10,0.30,0.50,OK,OK,OK,OK,OK,OK,OK,OK,OK,OK,OK,OK,OK,OK,OK,OK,OK,OK,OK,OK,OK,OK,OK,OK,OK,OK,OK,,,,,,,,,,,,,,,
114,2024/1/15,16:29:34,104453101B2401518B005,OK,0.20,0.20,0.10,0.50,0.20,-0.10,-0.60,-0.60,0.60,0.00,0.70,0.00,0.30,OK,OK,OK,OK,OK,OK,OK,OK,OK,OK,OK,OK,OK,OK,OK,OK,OK,OK,OK,OK,OK,OK,OK,OK,OK,OK,OK,,,,,,,,,,,,,,,
113,2024/1/15,16:27:49,104453101B2401517B003,OK,0.40,0.50,0.10,0.70,0.10,0.00,-0.60,-0.10,0.30,-0.30,0.00,0.70,0.40,OK,OK,OK,OK,OK,OK,OK,OK,OK,OK,OK,OK,OK,OK,OK,OK,OK,OK,OK,OK,OK,OK,OK,OK,OK,OK,OK,,,,,,,,,,,,,,,
112,2024/1/15,16:25:51,104453101B2401517B002,OK,0.20,0.50,0.10,0.50,0.20,-0.10,-0.50,-0.10,0.20,-0.30,0.10,0.70,0.00,OK,OK,OK,OK,OK,OK,OK,OK,OK,OK,OK,OK,OK,OK,OK,OK,OK,OK,OK,OK,OK,OK,OK,OK,OK,OK,OK,,,,,,,,,,,,,,,
111,2024/1/15,16:23:29,104453101B2401518A053,NG,0.40,-0.60,0.60,0.50,0.40,0.40,-0.10,-0.40,0.60,0.00,0.60,0.50,0.20,OK,OK,OK,OK,OK,OK,OK,OK,OK,OK,OK,OK,OK,OK,OK,OK,OK,OK,OK,OK,OK,OK,OK,OK,OK,OK,OK,,,,,,,,,,,,,,,
110,2024/1/15,16:21:23,104453101B2401518B001,NG,0.40,0.10,0.00,0.30,0.20,0.70,-0.20,-0.30,0.50,0.00,0.60,0.40,0.30,OK,OK,OK,OK,OK,OK,OK,OK,NG,OK,OK,OK,OK,OK,OK,OK,OK,OK,OK,OK,OK,OK,OK,OK,OK,OK,OK,,,,,,,,,,,,,,,
109,2024/1/15,16:19:10,104453101B2401517B001,OK,0.30,0.40,0.40,0.50,0.00,1.00,-0.70,-0.30,0.40,-0.20,0.20,0.70,0.00,OK,OK,OK,OK,OK,OK,OK,OK,OK,OK,OK,OK,OK,OK,OK,OK,OK,OK,OK,OK,OK,OK,OK,OK,OK,OK,OK,,,,,,,,,,,,,,,
108,2024/1/15,16:10:46,104453101B2401517A061,OK,0.30,0.50,0.00,0.50,0.10,-0.10,-0.50,-0.20,0.20,-0.40,0.30,0.50,0.40,OK,OK,OK,OK,OK,OK,OK,OK,OK,OK,OK,OK,OK,OK,OK,OK,OK,OK,OK,OK,OK,OK,OK,OK,OK,OK,OK,,,,,,,,,,,,,,,
107,2024/1/15,15:59:30,104453101B2401518A052,OK,0.40,0.00,0.50,0.70,0.00,-0.20,-0.10,-0.20,0.40,0.00,0.60,0.30,0.20,OK,OK,OK,OK,OK,OK,OK,OK,OK,OK,OK,OK,OK,OK,OK,OK,OK,OK,OK,OK,OK,OK,OK,OK,OK,OK,OK,,,,,,,,,,,,,,,
106,2024/1/15,15:49:10,104453101B2401517A060,NG,0.30,0.30,0.00,0.60,0.40,0.00,-0.70,-0.20,0.40,-0.20,0.30,0.00,0.30,OK,OK,OK,OK,NG,OK,OK,OK,OK,OK,OK,OK,OK,OK,OK,OK,OK,OK,OK,OK,OK,OK,OK,OK,OK,OK,OK,,,,,,,,,,,,,,,
105,2024/1/15,15:46:07,104453101B2401518A051,NG,0.30,0.20,0.10,0.30,0.40,-0.20,-0.50,-0.20,1.30,0.00,0.60,0.30,0.40,OK,OK,OK,OK,OK,OK,OK,OK,OK,OK,OK,OK,OK,OK,OK,OK,OK,OK,OK,OK,OK,OK,OK,OK,OK,OK,OK,,,,,,,,,,,,,,,
104,2024/1/15,15:42:46,104453101B2401518A050,OK,0.40,0.20,0.20,0.60,0.70,0.20,-0.80,-0.60,0.80,0.20,0.70,0.20,0.20,OK,OK,OK,OK,OK,OK,OK,OK,OK,OK,OK,OK,OK,OK,OK,OK,OK,OK,OK,OK,OK,OK,OK,OK,OK,OK,OK,,,,,,,,,,,,,,,
103,2024/1/15,15:40:15,104453101B2401517A059,OK,0.50,0.40,0.40,0.70,0.30,0.00,-0.70,-0.30,0.20,-0.10,0.20,0.00,0.60,OK,OK,OK,OK,OK,OK,OK,OK,OK,OK,OK,OK,OK,OK,OK,OK,OK,OK,OK,OK,OK,OK,OK,OK,OK,OK,OK,,,,,,,,,,,,,,,
102,2024/1/15,15:38:08,104453101B2401517A058,OK,0.40,0.60,0.00,0.70,0.00,0.50,-0.80,-0.30,0.40,-0.10,0.20,0.70,0.60,OK,OK,OK,OK,OK,OK,OK,OK,OK,OK,OK,OK,OK,OK,OK,OK,OK,OK,OK,OK,OK,OK,OK,OK,OK,OK,OK,,,,,,,,,,,,,,,
101,2024/1/15,15:35:06,104453101B2401518A049,OK,0.60,0.10,0.10,0.50,0.90,0.30,-0.40,-0.50,0.50,0.00,0.60,0.40,0.20,OK,OK,OK,OK,OK,OK,OK,OK,OK,OK,OK,OK,OK,OK,OK,OK,OK,OK,OK,OK,OK,OK,OK,OK,OK,OK,OK,,,,,,,,,,,,,,,
100,2024/1/15,15:31:42,104453101B2401518A048,OK,0.50,0.10,0.10,0.40,0.70,0.00,-0.20,-0.40,0.60,0.10,0.70,0.20,0.30,OK,OK,OK,OK,OK,OK,OK,OK,OK,OK,OK,OK,OK,OK,OK,OK,OK,OK,OK,OK,OK,OK,OK,OK,OK,OK,OK,,,,,,,,,,,,,,,
99,2024/1/15,15:29:47,104453101B2401517A057,OK,0.40,0.60,0.00,0.80,0.70,0.20,-0.50,0.00,0.20,-0.50,0.40,0.60,0.50,OK,OK,OK,OK,OK,OK,OK,OK,OK,OK,OK,OK,OK,OK,OK,OK,OK,OK,OK,OK,OK,OK,OK,OK,OK,OK,OK,,,,,,,,,,,,,,,
98,2024/1/15,15:26:51,104453101B2401517A056,NG,0.40,0.50,0.00,0.40,0.60,0.20,-0.80,-0.20,0.20,-0.40,0.30,0.60,0.40,OK,OK,OK,OK,NG,OK,OK,OK,OK,OK,OK,OK,OK,OK,OK,OK,OK,OK,OK,OK,OK,OK,OK,OK,OK,OK,OK,,,,,,,,,,,,,,,
97,2024/1/15,15:23:56,104453101B2401518A047,OK,0.50,0.00,0.40,0.70,0.90,0.20,-0.20,-0.20,0.50,-0.20,0.60,0.20,0.30,OK,OK,OK,OK,OK,OK,OK,OK,OK,OK,OK,OK,OK,OK,OK,OK,OK,OK,OK,OK,OK,OK,OK,OK,OK,OK,OK,,,,,,,,,,,,,,,
96,2024/1/15,15:17:05,104453101B2401518A046,OK,0.30,0.30,0.60,0.40,0.60,0.00,-0.40,-0.50,0.50,0.00,0.70,0.50,0.40,OK,OK,OK,OK,OK,OK,OK,OK,OK,OK,OK,OK,OK,OK,OK,OK,OK,OK,OK,OK,OK,OK,OK,OK,OK,OK,OK,,,,,,,,,,,,,,,
95,2024/1/15,15:14:18,104453101B2401517A055,OK,0.40,0.50,0.00,0.50,0.20,0.00,-0.80,-0.40,0.10,-0.20,0.50,0.00,0.20,OK,OK,OK,OK,OK,OK,OK,OK,OK,OK,OK,OK,OK,OK,OK,OK,OK,OK,OK,OK,OK,OK,OK,OK,OK,OK,OK,,,,,,,,,,,,,,,
94,2024/1/15,15:11:59,104453101B2401518A045,OK,0.40,0.20,0.40,0.40,1.00,0.00,-0.90,-0.50,0.70,0.00,0.50,0.20,0.30,OK,OK,OK,OK,OK,OK,OK,OK,OK,OK,OK,OK,OK,OK,OK,OK,OK,OK,OK,OK,OK,OK,OK,OK,OK,OK,OK,,,,,,,,,,,,,,,
93,2024/1/15,15:09:41,104453101B2401517A054,OK,0.50,0.40,0.10,0.70,0.40,0.00,-0.70,-0.20,0.40,-0.50,0.00,0.80,0.60,OK,OK,OK,OK,OK,OK,OK,OK,OK,OK,OK,OK,OK,OK,OK,OK,OK,OK,OK,OK,OK,OK,OK,OK,OK,OK,OK,,,,,,,,,,,,,,,
92,2024/1/15,15:07:56,104453101B2401518A044,OK,0.50,0.40,0.00,0.30,0.30,0.00,-0.70,-0.50,0.70,0.00,0.60,0.10,0.30,OK,OK,OK,OK,OK,OK,OK,OK,OK,OK,OK,OK,OK,OK,OK,OK,OK,OK,OK,OK,OK,OK,OK,OK,OK,OK,OK,,,,,,,,,,,,,,,
91,2024/1/15,15:05:50,104453101B2401518A043,NG,0.50,0.30,0.30,0.30,-0.10,-0.10,-0.30,0.00,0.40,-0.20,0.00,0.30,0.30,OK,OK,OK,OK,OK,OK,OK,OK,NG,OK,OK,OK,OK,OK,OK,OK,OK,OK,OK,OK,OK,OK,OK,OK,OK,OK,OK,,,,,,,,,,,,,,,
90,2024/1/15,15:03:55,104453101B2401517A053,OK,0.30,0.50,0.10,0.40,-0.30,-0.20,-0.40,0.00,0.00,-0.60,0.20,0.00,0.20,OK,OK,OK,OK,OK,OK,OK,OK,OK,OK,OK,OK,OK,OK,OK,OK,OK,OK,OK,OK,OK,OK,OK,OK,OK,OK,OK,,,,,,,,,,,,,,,
89,2024/1/15,15:01:30,104453101B2401518A038,NG,0.50,0.00,0.10,0.20,0.30,0.00,-0.50,-0.50,0.60,0.20,0.80,0.20,0.30,OK,OK,OK,OK,OK,OK,OK,OK,NG,OK,OK,OK,OK,OK,OK,OK,OK,OK,OK,OK,OK,OK,OK,OK,OK,OK,OK,,,,,,,,,,,,,,,
88,2024/1/15,14:59:05,104453101B2401517A052,OK,0.40,0.30,0.00,0.50,0.00,0.00,-0.60,-0.20,0.10,-0.30,0.60,0.70,0.50,OK,OK,OK,OK,OK,OK,OK,OK,OK,OK,OK,OK,OK,OK,OK,OK,OK,OK,OK,OK,OK,OK,OK,OK,OK,OK,OK,,,,,,,,,,,,,,,
87,2024/1/15,14:57:05,104453101B2401518A041,OK,0.50,0.20,0.10,0.30,-0.10,-0.60,0.00,-0.30,0.30,-0.20,0.80,0.10,0.30,OK,OK,OK,OK,OK,OK,OK,OK,OK,OK,OK,OK,OK,OK,OK,OK,OK,OK,OK,OK,OK,OK,OK,OK,OK,OK,OK,,,,,,,,,,,,,,,
86,2024/1/15,14:47:30,104453101B2401518A036,OK,0.40,0.00,0.70,0.30,0.10,0.20,0.00,-0.20,0.50,0.10,0.60,0.30,0.30,OK,OK,OK,OK,OK,OK,OK,OK,OK,OK,OK,OK,OK,OK,OK,OK,OK,OK,OK,OK,OK,OK,OK,OK,OK,OK,OK,,,,,,,,,,,,,,,
85,2024/1/15,14:45:10,104453101B2401517A051,OK,0.40,0.50,0.00,0.60,-0.20,-0.40,-0.70,0.00,0.10,-0.60,0.40,0.60,0.50,OK,OK,OK,OK,OK,OK,OK,OK,OK,OK,OK,OK,OK,OK,OK,OK,OK,OK,OK,OK,OK,OK,OK,OK,OK,OK,OK,,,,,,,,,,,,,,,
84,2024/1/15,14:35:45,104453101B2401517A050,NG,0.30,0.30,0.40,0.60,-0.10,-0.10,-0.70,-0.10,0.30,-0.40,0.30,0.80,0.60,OK,OK,OK,OK,NG,OK,OK,OK,OK,OK,OK,OK,OK,OK,OK,OK,OK,OK,OK,OK,OK,OK,OK,OK,OK,OK,OK,,,,,,,,,,,,,,,
83,2024/1/15,14:34:06,104453101B2401217B043,OK,0.60,0.50,0.30,0.50,-1.00,-0.30,0.20,0.10,-0.20,-0.70,0.50,0.70,0.60,OK,OK,OK,OK,OK,OK,OK,OK,OK,OK,OK,OK,OK,OK,OK,OK,OK,OK,OK,OK,OK,OK,OK,OK,OK,OK,OK,,,,,,,,,,,,,,,
82,2024/1/15,14:25:00,104453101B2401517A049,OK,0.40,0.40,0.00,0.60,-0.50,-0.30,-0.10,0.00,-0.10,-0.70,0.60,0.70,0.20,OK,OK,OK,OK,OK,OK,OK,OK,OK,OK,OK,OK,OK,OK,OK,OK,OK,OK,OK,OK,OK,OK,OK,OK,OK,OK,OK,,,,,,,,,,,,,,,
81,2024/1/15,14:22:59,104453101B2401518A037,OK,0.30,0.10,0.20,0.40,0.30,0.00,-0.70,-0.30,0.60,0.10,0.60,0.10,0.20,OK,OK,OK,OK,OK,OK,OK,OK,OK,OK,OK,OK,OK,OK,OK,OK,OK,OK,OK,OK,OK,OK,OK,OK,OK,OK,OK,,,,,,,,,,,,,,,
80,2024/1/15,14:20:40,104453101B2401518A042,OK,0.50,0.20,0.20,0.40,0.10,0.00,-0.40,-0.60,0.50,0.10,0.70,0.40,0.30,OK,OK,OK,OK,OK,OK,OK,OK,OK,OK,OK,OK,OK,OK,OK,OK,OK,OK,OK,OK,OK,OK,OK,OK,OK,OK,OK,,,,,,,,,,,,,,,
79,2024/1/15,14:18:15,104453101B2401518A040,OK,0.50,0.10,0.10,0.50,0.80,0.30,-0.80,-0.60,0.90,0.30,0.50,0.40,0.30,OK,OK,OK,OK,OK,OK,OK,OK,OK,OK,OK,OK,OK,OK,OK,OK,OK,OK,OK,OK,OK,OK,OK,OK,OK,OK,OK,,,,,,,,,,,,,,,
78,2024/1/15,14:16:00,104453101B2401517A048,OK,0.40,0.10,0.40,0.60,-0.30,-0.20,-0.20,-0.20,0.00,-0.40,0.20,0.60,0.60,OK,OK,OK,OK,OK,OK,OK,OK,OK,OK,OK,OK,OK,OK,OK,OK,OK,OK,OK,OK,OK,OK,OK,OK,OK,OK,OK,,,,,,,,,,,,,,,
77,2024/1/15,14:13:13,104453101B2401518A039,NG,0.50,0.20,0.70,0.40,0.90,0.30,-0.50,-0.80,0.70,0.40,0.60,0.30,0.10,OK,OK,OK,OK,OK,OK,OK,OK,NG,OK,OK,OK,OK,OK,OK,OK,OK,OK,OK,OK,OK,OK,OK,OK,OK,OK,OK,,,,,,,,,,,,,,,
76,2024/1/15,14:11:25,104453101B2401517A047,OK,0.40,0.50,0.00,0.50,0.00,0.00,-0.40,-0.20,0.40,-0.30,0.30,0.70,0.60,OK,OK,OK,OK,OK,OK,OK,OK,OK,OK,OK,OK,OK,OK,OK,OK,OK,OK,OK,OK,OK,OK,OK,OK,OK,OK,OK,,,,,,,,,,,,,,,
75,2024/1/15,14:10:45,104453101B2401518A028,OK,0.50,0.20,0.80,0.60,0.00,-0.60,0.00,-0.20,0.30,-0.20,0.50,0.20,0.30,OK,OK,OK,OK,OK,OK,OK,OK,OK,OK,OK,OK,OK,OK,OK,OK,OK,OK,OK,OK,OK,OK,OK,OK,OK,OK,OK,,,,,,,,,,,,,,,
74,2024/1/15,14:10:05,104453101B2401518A035,OK,0.40,0.30,0.40,0.40,0.30,0.00,-0.30,-0.20,0.50,0.10,0.60,0.30,0.30,OK,OK,OK,OK,OK,OK,OK,OK,OK,OK,OK,OK,OK,OK,OK,OK,OK,OK,OK,OK,OK,OK,OK,OK,OK,OK,OK,,,,,,,,,,,,,,,
73,2024/1/15,14:03:08,104453101B2401517A046,OK,0.20,0.50,0.00,0.70,0.10,0.10,-0.50,-0.30,0.10,-0.20,0.10,0.50,0.20,OK,OK,OK,OK,OK,OK,OK,OK,OK,OK,OK,OK,OK,OK,OK,OK,OK,OK,OK,OK,OK,OK,OK,OK,OK,OK,OK,,,,,,,,,,,,,,,
72,2024/1/15,13:44:45,104453101B2401517A045,OK,0.10,0.60,0.00,0.60,0.10,-0.30,-0.60,-0.10,0.20,-0.20,0.20,0.80,0.50,OK,OK,OK,OK,OK,OK,OK,OK,OK,OK,OK,OK,OK,OK,OK,OK,OK,OK,OK,OK,OK,OK,OK,OK,OK,OK,OK,,,,,,,,,,,,,,,
71,2024/1/15,13:42:39,104453101B2401517A044,OK,0.40,0.50,0.20,0.80,0.30,0.20,-0.70,-0.50,0.50,-0.10,0.20,0.70,0.30,OK,OK,OK,OK,OK,OK,OK,OK,OK,OK,OK,OK,OK,OK,OK,OK,OK,OK,OK,OK,OK,OK,OK,OK,OK,OK,OK,,,,,,,,,,,,,,,
70,2024/1/15,13:40:02,104453101B2401518A034,OK,0.40,0.20,0.60,0.50,0.10,0.30,-0.30,-0.40,0.50,0.00,0.70,0.40,0.20,OK,OK,OK,OK,OK,OK,OK,OK,OK,OK,OK,OK,OK,OK,OK,OK,OK,OK,OK,OK,OK,OK,OK,OK,OK,OK,OK,,,,,,,,,,,,,,,
69,2024/1/15,13:36:37,104453101B2401517A043,OK,0.40,0.50,0.00,0.80,0.20,0.60,-0.60,-0.60,0.20,-0.10,0.20,0.70,0.60,OK,OK,OK,OK,OK,OK,OK,OK,OK,OK,OK,OK,OK,OK,OK,OK,OK,OK,OK,OK,OK,OK,OK,OK,OK,OK,OK,,,,,,,,,,,,,,,
68,2024/1/15,13:35:52,104453101B2401518A033,OK,0.50,0.20,0.40,0.60,0.10,0.00,-0.30,-0.30,0.50,0.00,0.80,0.40,0.30,OK,OK,OK,OK,OK,OK,OK,OK,OK,OK,OK,OK,OK,OK,OK,OK,OK,OK,OK,OK,OK,OK,OK,OK,OK,OK,OK,,,,,,,,,,,,,,,
67,2024/1/15,13:31:01,104453101B2401517A041,OK,0.30,0.50,0.30,0.80,-0.30,-0.30,-0.30,0.00,0.00,-0.20,0.30,0.60,0.50,OK,OK,OK,OK,OK,OK,OK,OK,OK,OK,OK,OK,OK,OK,OK,OK,OK,OK,OK,OK,OK,OK,OK,OK,OK,OK,OK,,,,,,,,,,,,,,,
66,2024/1/15,13:28:48,104453101B2401517A042,OK,0.30,0.50,0.40,0.60,-0.30,-0.40,-0.20,0.00,-0.10,-0.50,0.20,0.60,0.40,OK,OK,OK,OK,OK,OK,OK,OK,OK,OK,OK,OK,OK,OK,OK,OK,OK,OK,OK,OK,OK,OK,OK,OK,OK,OK,OK,,,,,,,,,,,,,,,
65,2024/1/15,13:26:35,104453101B2401518A031,OK,0.40,0.10,0.20,0.40,0.00,0.00,-0.20,-0.10,0.40,-0.10,0.70,0.40,0.20,OK,OK,OK,OK,OK,OK,OK,OK,OK,OK,OK,OK,OK,OK,OK,OK,OK,OK,OK,OK,OK,OK,OK,OK,OK,OK,OK,,,,,,,,,,,,,,,
64,2024/1/15,13:24:47,104453101B2401517A040,OK,0.40,0.40,0.20,0.50,0.40,0.50,-0.70,-0.50,0.20,0.00,0.40,0.70,0.40,OK,OK,OK,OK,OK,OK,OK,OK,OK,OK,OK,OK,OK,OK,OK,OK,OK,OK,OK,OK,OK,OK,OK,OK,OK,OK,OK,,,,,,,,,,,,,,,
63,2024/1/15,13:23:49,104453101B2401518A027,OK,0.50,0.20,0.80,0.40,0.50,0.70,-0.70,-0.80,0.90,0.20,0.50,0.20,0.30,OK,OK,OK,OK,OK,OK,OK,OK,OK,OK,OK,OK,OK,OK,OK,OK,OK,OK,OK,OK,OK,OK,OK,OK,OK,OK,OK,,,,,,,,,,,,,,,
62,2024/1/15,13:21:14,104453101B2401518A032,OK,0.30,0.20,0.80,0.40,0.00,0.10,-0.40,-0.40,0.60,0.00,0.60,0.40,0.30,OK,OK,OK,OK,OK,OK,OK,OK,OK,OK,OK,OK,OK,OK,OK,OK,OK,OK,OK,OK,OK,OK,OK,OK,OK,OK,OK,,,,,,,,,,,,,,,
61,2024/1/15,13:19:11,104453101B2401518A025,OK,0.50,0.20,0.30,0.20,0.70,0.70,-0.90,-0.60,0.90,0.40,0.40,0.20,0.30,OK,OK,OK,OK,OK,OK,OK,OK,OK,OK,OK,OK,OK,OK,OK,OK,OK,OK,OK,OK,OK,OK,OK,OK,OK,OK,OK,,,,,,,,,,,,,,,
60,2024/1/15,13:07:08,104453101B2401518A029,OK,0.50,0.10,0.70,0.60,0.20,0.00,-0.20,-0.50,0.70,0.00,0.50,0.20,0.30,OK,OK,OK,OK,OK,OK,OK,OK,OK,OK,OK,OK,OK,OK,OK,OK,OK,OK,OK,OK,OK,OK,OK,OK,OK,OK,OK,,,,,,,,,,,,,,,
59,2024/1/15,13:03:54,104453101B2401517A039,NG,0.20,0.30,0.00,0.80,-0.20,0.30,-0.70,-0.30,0.40,-0.20,0.30,0.60,0.40,OK,OK,OK,OK,NG,OK,OK,OK,OK,OK,OK,OK,OK,OK,OK,OK,OK,OK,OK,OK,OK,OK,OK,OK,OK,OK,OK,,,,,,,,,,,,,,,
58,2024/1/15,13:00:42,104453101B2401517A038,OK,0.20,0.30,0.10,0.50,0.00,-0.20,-0.50,-0.10,0.20,-0.50,0.50,0.80,0.60,OK,OK,OK,OK,OK,OK,OK,OK,OK,OK,OK,OK,OK,OK,OK,OK,OK,OK,OK,OK,OK,OK,OK,OK,OK,OK,OK,,,,,,,,,,,,,,,
57,2024/1/15,12:54:13,104453101B2401517A037,OK,0.40,0.40,0.00,0.50,0.10,0.40,-0.70,-0.20,0.40,-0.30,0.30,0.70,0.50,OK,OK,OK,OK,OK,OK,OK,OK,OK,OK,OK,OK,OK,OK,OK,OK,OK,OK,OK,OK,OK,OK,OK,OK,OK,OK,OK,,,,,,,,,,,,,,,
56,2024/1/15,12:51:20,104453101B2401517A036,OK,0.20,0.50,0.10,0.70,0.00,0.30,-0.70,-0.60,0.30,-0.10,0.00,0.70,0.20,OK,OK,OK,OK,OK,OK,OK,OK,OK,OK,OK,OK,OK,OK,OK,OK,OK,OK,OK,OK,OK,OK,OK,OK,OK,OK,OK,,,,,,,,,,,,,,,
55,2024/1/15,12:46:23,104453101B2401518A030,NG,0.40,0.40,1.10,0.60,0.00,0.00,-0.10,-0.50,0.40,0.00,0.10,0.20,0.30,OK,OK,OK,OK,OK,OK,OK,OK,OK,OK,OK,OK,OK,OK,OK,OK,OK,OK,OK,OK,OK,OK,OK,OK,OK,OK,OK,,,,,,,,,,,,,,,
54,2024/1/15,12:43:12,104453101B2401517A035,OK,0.40,0.40,0.00,0.50,-0.40,0.20,-0.50,-0.30,0.10,-0.30,0.30,0.70,0.20,OK,OK,OK,OK,OK,OK,OK,OK,OK,OK,OK,OK,OK,OK,OK,OK,OK,OK,OK,OK,OK,OK,OK,OK,OK,OK,OK,,,,,,,,,,,,,,,
53,2024/1/15,12:40:44,104453101B2401517A034,OK,0.40,0.40,0.00,0.50,-0.70,-0.10,-0.30,-0.10,0.20,-0.30,0.40,0.60,0.20,OK,OK,OK,OK,OK,OK,OK,OK,OK,OK,OK,OK,OK,OK,OK,OK,OK,OK,OK,OK,OK,OK,OK,OK,OK,OK,OK,,,,,,,,,,,,,,,
52,2024/1/15,12:37:11,104453101B2401518A026,OK,0.30,0.00,0.80,0.20,0.00,0.30,-0.20,-0.60,0.50,0.10,0.40,0.30,0.30,OK,OK,OK,OK,OK,OK,OK,OK,OK,OK,OK,OK,OK,OK,OK,OK,OK,OK,OK,OK,OK,OK,OK,OK,OK,OK,OK,,,,,,,,,,,,,,,
51,2024/1/15,12:29:32,104453101B2401518A024,OK,0.40,0.20,0.10,0.50,0.20,0.50,-0.40,-0.60,0.60,0.20,0.80,0.30,0.30,OK,OK,OK,OK,OK,OK,OK,OK,OK,OK,OK,OK,OK,OK,OK,OK,OK,OK,OK,OK,OK,OK,OK,OK,OK,OK,OK,,,,,,,,,,,,,,,
50,2024/1/15,12:27:04,104453101B2401517A033,OK,0.40,0.30,0.30,0.50,-0.40,0.10,-0.20,0.00,0.00,-0.50,0.40,0.70,0.20,OK,OK,OK,OK,OK,OK,OK,OK,OK,OK,OK,OK,OK,OK,OK,OK,OK,OK,OK,OK,OK,OK,OK,OK,OK,OK,OK,,,,,,,,,,,,,,,
49,2024/1/15,12:23:31,104453101B2401517A032,NG,0.40,0.50,0.00,0.70,-0.20,0.50,-0.40,-0.60,0.20,-0.10,0.00,0.60,0.50,OK,OK,OK,OK,NG,OK,OK,OK,OK,OK,OK,OK,OK,OK,OK,OK,OK,OK,OK,OK,OK,OK,OK,OK,OK,OK,OK,,,,,,,,,,,,,,,
48,2024/1/15,12:21:15,104453101B2401518A022,NG,0.40,0.30,0.30,0.10,0.50,0.20,-0.10,-0.80,0.50,0.20,0.60,0.30,0.10,OK,OK,OK,OK,OK,OK,OK,OK,NG,OK,OK,OK,OK,OK,OK,OK,OK,OK,OK,OK,OK,OK,OK,OK,OK,OK,OK,,,,,,,,,,,,,,,
47,2024/1/15,12:18:57,104453101B2401517A031,NG,0.50,0.40,0.20,0.50,-0.10,0.60,-0.50,-0.20,0.20,-0.40,0.30,0.70,0.50,OK,OK,OK,OK,NG,OK,OK,OK,OK,OK,OK,OK,OK,OK,OK,OK,OK,OK,OK,OK,OK,OK,OK,OK,OK,OK,OK,,,,,,,,,,,,,,,
46,2024/1/15,12:10:33,104453101B2401518A023,OK,0.50,0.20,0.50,0.70,0.20,0.10,-0.30,-0.40,0.70,0.10,0.40,0.30,0.30,OK,OK,OK,OK,OK,OK,OK,OK,OK,OK,OK,OK,OK,OK,OK,OK,OK,OK,OK,OK,OK,OK,OK,OK,OK,OK,OK,,,,,,,,,,,,,,,
45,2024/1/15,12:01:05,104453101B2401517A029,OK,0.30,0.50,0.10,0.50,-0.20,-0.30,-0.50,-0.20,0.00,-0.40,0.40,0.60,0.60,OK,OK,OK,OK,OK,OK,OK,OK,OK,OK,OK,OK,OK,OK,OK,OK,OK,OK,OK,OK,OK,OK,OK,OK,OK,OK,OK,,,,,,,,,,,,,,,
44,2024/1/15,11:58:24,104453101B2401518A021,NG,0.50,0.30,0.30,0.20,0.80,0.30,-0.90,-0.40,1.10,0.30,0.60,0.30,0.30,OK,OK,OK,OK,OK,OK,OK,OK,OK,OK,OK,OK,OK,OK,OK,OK,OK,OK,OK,OK,OK,OK,OK,OK,OK,OK,OK,,,,,,,,,,,,,,,
43,2024/1/15,11:56:26,104453101B2401517A030,NG,0.40,0.50,0.40,0.50,-0.10,0.10,-0.60,-0.50,0.40,-0.30,0.50,0.70,0.60,OK,OK,OK,OK,NG,OK,OK,OK,OK,OK,OK,OK,OK,OK,OK,OK,OK,OK,OK,OK,OK,OK,OK,OK,OK,OK,OK,,,,,,,,,,,,,,,
42,2024/1/15,11:54:33,104453101B2401517A028,OK,0.20,0.30,0.20,0.70,0.00,0.20,-0.60,-0.10,0.00,-0.30,0.20,0.70,0.50,OK,OK,OK,OK,OK,OK,OK,OK,OK,OK,OK,OK,OK,OK,OK,OK,OK,OK,OK,OK,OK,OK,OK,OK,OK,OK,OK,,,,,,,,,,,,,,,
41,2024/1/15,11:51:03,104453101B2401518A020,NG,0.30,0.20,0.20,0.40,0.20,0.10,-0.40,-0.70,0.60,0.40,0.60,0.10,0.40,OK,OK,OK,OK,OK,OK,OK,OK,NG,OK,OK,OK,OK,OK,OK,OK,OK,OK,OK,OK,OK,OK,OK,OK,OK,OK,OK,,,,,,,,,,,,,,,
40,2024/1/15,11:49:23,104453101B2401517A027,OK,0.20,0.50,0.20,0.60,-0.10,-0.10,-0.10,0.10,-0.10,-0.40,0.40,0.40,0.50,OK,OK,OK,OK,OK,OK,OK,OK,OK,OK,OK,OK,OK,OK,OK,OK,OK,OK,OK,OK,OK,OK,OK,OK,OK,OK,OK,,,,,,,,,,,,,,,
39,2024/1/15,11:40:23,104453101B2401517A026,OK,0.40,0.30,0.20,0.80,-0.40,0.20,-0.20,-0.10,-0.10,-0.60,0.20,0.70,0.50,OK,OK,OK,OK,OK,OK,OK,OK,OK,OK,OK,OK,OK,OK,OK,OK,OK,OK,OK,OK,OK,OK,OK,OK,OK,OK,OK,,,,,,,,,,,,,,,
38,2024/1/15,11:37:27,104453101B2401518A019,NG,0.50,0.20,0.40,0.10,1.20,0.60,-0.90,-1.00,1.10,0.50,0.50,0.40,0.40,OK,OK,OK,OK,OK,OK,OK,OK,OK,OK,OK,OK,OK,OK,OK,OK,OK,OK,OK,OK,OK,OK,OK,OK,OK,OK,OK,,,,,,,,,,,,,,,
37,2024/1/15,11:35:11,104453101B2401518A018,NG,0.30,-0.30,0.20,0.30,0.30,0.00,-0.60,-0.40,0.70,0.20,0.50,0.40,0.30,OK,OK,OK,OK,OK,OK,OK,OK,OK,OK,OK,OK,OK,OK,OK,OK,OK,OK,OK,OK,OK,OK,OK,OK,OK,OK,OK,,,,,,,,,,,,,,,
36,2024/1/15,11:32:58,104453101B2401517A025,OK,0.50,0.60,0.00,0.80,-0.40,0.00,-0.20,-0.10,-0.10,-0.50,0.20,0.70,0.50,OK,OK,OK,OK,OK,OK,OK,OK,OK,OK,OK,OK,OK,OK,OK,OK,OK,OK,OK,OK,OK,OK,OK,OK,OK,OK,OK,,,,,,,,,,,,,,,
35,2024/1/15,11:30:52,104453101B2401518A017,NG,0.50,0.30,0.60,0.50,0.00,0.00,-0.40,-0.60,0.60,0.10,0.50,0.40,-0.20,OK,OK,OK,OK,OK,OK,OK,OK,OK,OK,OK,OK,OK,OK,OK,OK,OK,OK,OK,OK,OK,OK,OK,OK,OK,OK,OK,,,,,,,,,,,,,,,
34,2024/1/15,11:28:42,104453101B2401517A023,OK,0.40,0.00,0.00,0.70,0.40,0.10,-0.90,-0.30,0.50,-0.20,0.20,0.10,0.40,OK,OK,OK,OK,OK,OK,OK,OK,OK,OK,OK,OK,OK,OK,OK,OK,OK,OK,OK,OK,OK,OK,OK,OK,OK,OK,OK,,,,,,,,,,,,,,,
33,2024/1/15,11:28:03,104453101B2401517A024,OK,0.30,0.00,0.30,0.80,-0.20,0.00,-0.50,0.00,0.00,-0.50,0.20,0.50,0.30,OK,OK,OK,OK,OK,OK,OK,OK,OK,OK,OK,OK,OK,OK,OK,OK,OK,OK,OK,OK,OK,OK,OK,OK,OK,OK,OK,,,,,,,,,,,,,,,
32,2024/1/15,11:21:06,104453101B2401517A021,OK,0.60,0.30,0.40,0.60,0.10,0.40,-0.60,-0.50,0.40,-0.10,0.20,0.70,0.30,OK,OK,OK,OK,OK,OK,OK,OK,OK,OK,OK,OK,OK,OK,OK,OK,OK,OK,OK,OK,OK,OK,OK,OK,OK,OK,OK,,,,,,,,,,,,,,,
31,2024/1/15,11:18:22,104453101B2401518A015,NG,0.50,0.20,0.20,0.70,0.70,-0.20,-0.80,-0.40,1.00,0.00,-0.40,0.50,0.30,OK,OK,OK,OK,OK,OK,OK,OK,OK,OK,OK,OK,OK,OK,OK,OK,OK,OK,OK,OK,OK,OK,OK,OK,OK,OK,OK,,,,,,,,,,,,,,,
30,2024/1/15,11:16:07,104453101B2401518A013,NG,0.40,-0.40,0.80,0.60,0.00,0.10,-0.20,-0.40,0.60,0.00,0.40,0.20,0.30,OK,OK,OK,OK,OK,OK,OK,OK,NG,OK,OK,OK,OK,OK,OK,OK,OK,OK,OK,OK,OK,OK,OK,OK,OK,OK,OK,,,,,,,,,,,,,,,
29,2024/1/15,11:13:54,104453101B2401517A022,OK,0.40,0.50,0.30,0.50,-0.10,0.00,-0.50,0.00,0.20,-0.40,0.10,0.60,0.40,OK,OK,OK,OK,OK,OK,OK,OK,OK,OK,OK,OK,OK,OK,OK,OK,OK,OK,OK,OK,OK,OK,OK,OK,OK,OK,OK,,,,,,,,,,,,,,,
28,2024/1/15,11:10:33,104453101B2401518A016,OK,0.40,0.30,0.40,0.30,0.20,0.10,-0.50,-0.40,0.80,0.10,0.70,0.50,0.30,OK,OK,OK,OK,OK,OK,OK,OK,OK,OK,OK,OK,OK,OK,OK,OK,OK,OK,OK,OK,OK,OK,OK,OK,OK,OK,OK,,,,,,,,,,,,,,,
27,2024/1/15,11:07:12,104453101B2401518A014,OK,0.50,0.30,0.50,0.30,0.30,0.40,-0.60,-0.70,0.70,0.50,0.50,0.40,0.30,OK,OK,OK,OK,OK,OK,OK,OK,OK,OK,OK,OK,OK,OK,OK,OK,OK,OK,OK,OK,OK,OK,OK,OK,OK,OK,OK,,,,,,,,,,,,,,,
26,2024/1/15,11:04:50,104453101B2401517A020,OK,0.60,0.30,0.00,0.20,0.00,0.50,-0.60,-0.50,0.20,-0.20,0.20,0.70,0.50,OK,OK,OK,OK,OK,OK,OK,OK,OK,OK,OK,OK,OK,OK,OK,OK,OK,OK,OK,OK,OK,OK,OK,OK,OK,OK,OK,,,,,,,,,,,,,,,
25,2024/1/15,10:58:21,104453101B2401517A019,OK,0.40,0.20,0.10,0.80,0.00,0.20,-0.60,-0.40,0.10,-0.30,0.20,0.60,0.40,OK,OK,OK,OK,OK,OK,OK,OK,OK,OK,OK,OK,OK,OK,OK,OK,OK,OK,OK,OK,OK,OK,OK,OK,OK,OK,OK,,,,,,,,,,,,,,,
24,2024/1/15,10:46:03,104453101B2401518A012,NG,0.00,0.20,0.40,0.40,-0.30,0.10,-0.30,-0.60,0.50,0.10,0.70,0.50,0.30,OK,OK,OK,OK,OK,OK,OK,OK,NG,OK,OK,OK,OK,OK,OK,OK,OK,OK,OK,OK,OK,OK,OK,OK,OK,OK,OK,,,,,,,,,,,,,,,
23,2024/1/15,10:42:33,104453101B2401518A008,OK,0.50,0.20,0.20,0.10,0.40,0.90,-0.60,-0.80,0.90,0.60,0.20,0.00,0.20,OK,OK,OK,OK,OK,OK,OK,OK,OK,OK,OK,OK,OK,OK,OK,OK,OK,OK,OK,OK,OK,OK,OK,OK,OK,OK,OK,,,,,,,,,,,,,,,
22,2024/1/15,10:38:20,104453101B2401517A018,NG,0.50,0.50,0.00,0.40,0.00,0.70,-0.60,-0.60,0.40,0.10,0.00,0.40,0.40,OK,OK,OK,OK,NG,OK,OK,OK,OK,OK,OK,OK,OK,OK,OK,OK,OK,OK,OK,OK,OK,OK,OK,OK,OK,OK,OK,,,,,,,,,,,,,,,
21,2024/1/15,10:33:48,104453101B2401518A005,OK,0.40,0.20,0.20,0.30,0.80,0.80,-0.90,-0.80,1.00,0.70,0.50,0.00,0.20,OK,OK,OK,OK,OK,OK,OK,OK,OK,OK,OK,OK,OK,OK,OK,OK,OK,OK,OK,OK,OK,OK,OK,OK,OK,OK,OK,,,,,,,,,,,,,,,
20,2024/1/15,10:30:15,104453101B2401517A017,OK,0.00,0.60,0.10,0.70,-0.60,-0.40,-0.20,0.00,0.00,-0.50,0.40,0.20,0.60,OK,OK,OK,OK,OK,OK,OK,OK,OK,OK,OK,OK,OK,OK,OK,OK,OK,OK,OK,OK,OK,OK,OK,OK,OK,OK,OK,,,,,,,,,,,,,,,
19,2024/1/15,10:23:53,104453101B2401518A011,OK,0.50,0.20,0.20,0.30,0.00,0.00,-0.40,-0.20,0.70,0.20,0.70,0.30,0.20,OK,OK,OK,OK,OK,OK,OK,OK,OK,OK,OK,OK,OK,OK,OK,OK,OK,OK,OK,OK,OK,OK,OK,OK,OK,OK,OK,,,,,,,,,,,,,,,
18,2024/1/15,10:20:00,104453101B2401517A016,OK,0.40,0.50,0.20,0.80,-0.20,-0.10,-0.60,-0.10,0.50,-0.40,0.00,0.60,0.50,OK,OK,OK,OK,OK,OK,OK,OK,OK,OK,OK,OK,OK,OK,OK,OK,OK,OK,OK,OK,OK,OK,OK,OK,OK,OK,OK,,,,,,,,,,,,,,,
17,2024/1/15,10:16:14,104453101B2401517A015,NG,0.20,0.60,0.10,0.50,-0.50,-0.30,-0.20,0.00,0.00,-0.50,0.00,0.80,0.30,OK,OK,OK,OK,NG,OK,OK,OK,OK,OK,OK,OK,OK,OK,OK,OK,OK,OK,OK,OK,OK,OK,OK,OK,OK,OK,OK,,,,,,,,,,,,,,,
16,2024/1/15,10:12:25,104453101B2401518A010,OK,0.20,0.20,0.50,0.40,0.30,-0.10,-0.50,-0.60,0.70,0.20,0.50,0.40,0.30,OK,OK,OK,OK,OK,OK,OK,OK,OK,OK,OK,OK,OK,OK,OK,OK,OK,OK,OK,OK,OK,OK,OK,OK,OK,OK,OK,,,,,,,,,,,,,,,
15,2024/1/15,10:09:42,104453101B2401518A009,OK,0.40,0.20,0.40,0.30,0.40,0.00,-0.60,-0.70,0.80,0.40,0.60,0.10,0.30,OK,OK,OK,OK,OK,OK,OK,OK,OK,OK,OK,OK,OK,OK,OK,OK,OK,OK,OK,OK,OK,OK,OK,OK,OK,OK,OK,,,,,,,,,,,,,,,
14,2024/1/15,10:02:04,104453101B2401517A014,OK,0.40,0.40,0.00,0.50,-0.10,0.00,-0.40,-0.20,0.20,-0.20,0.40,0.70,0.50,OK,OK,OK,OK,OK,OK,OK,OK,OK,OK,OK,OK,OK,OK,OK,OK,OK,OK,OK,OK,OK,OK,OK,OK,OK,OK,OK,,,,,,,,,,,,,,,
13,2024/1/15,9:57:58,104453101B2401517A013,NG,0.30,-0.20,0.40,0.60,-0.20,0.30,-0.20,-0.10,0.00,-0.20,0.10,0.60,0.20,OK,NG,OK,OK,OK,OK,OK,OK,OK,OK,OK,OK,OK,OK,OK,OK,OK,OK,OK,OK,OK,OK,OK,OK,OK,OK,OK,,,,,,,,,,,,,,,
12,2024/1/15,9:54:21,104453101B2401517A012,OK,0.60,0.40,0.30,0.60,0.10,0.10,-0.30,-0.20,0.00,-0.40,0.20,0.50,0.30,OK,OK,OK,OK,OK,OK,OK,OK,OK,OK,OK,OK,OK,OK,OK,OK,OK,OK,OK,OK,OK,OK,OK,OK,OK,OK,OK,,,,,,,,,,,,,,,
11,2024/1/15,9:51:46,104453101B2401518A004,OK,0.30,0.10,0.70,0.50,0.10,0.10,-0.50,-0.40,0.50,0.00,0.50,0.30,0.20,OK,OK,OK,OK,OK,OK,OK,OK,OK,OK,OK,OK,OK,OK,OK,OK,OK,OK,OK,OK,OK,OK,OK,OK,OK,OK,OK,,,,,,,,,,,,,,,
10,2024/1/15,9:49:16,104453101B2401517A011,NG,0.50,0.40,0.20,0.70,-0.30,0.00,-0.30,-0.10,0.00,-0.50,0.10,0.60,0.60,OK,OK,OK,OK,NG,OK,OK,OK,OK,OK,OK,OK,OK,OK,OK,OK,OK,OK,OK,OK,OK,OK,OK,OK,OK,OK,OK,,,,,,,,,,,,,,,
9,2024/1/15,9:46:54,104453101B2401518A006,NG,0.50,0.10,0.30,0.00,2.00,0.20,-0.80,-1.20,0.80,0.50,0.60,0.30,0.20,OK,OK,OK,OK,OK,OK,OK,OK,OK,OK,OK,OK,OK,OK,OK,OK,OK,OK,OK,OK,OK,OK,OK,OK,OK,OK,OK,,,,,,,,,,,,,,,
8,2024/1/15,9:44:34,104453101B2401518A001,NG,0.40,-0.40,0.10,0.50,0.50,0.90,-0.70,-0.80,0.70,0.20,0.30,0.20,0.30,OK,OK,OK,OK,OK,OK,OK,OK,OK,OK,OK,OK,OK,OK,OK,OK,OK,OK,OK,OK,OK,OK,OK,OK,OK,OK,OK,,,,,,,,,,,,,,,
7,2024/1/15,9:19:28,104453101B2401517A010,NG,0.50,0.60,0.00,0.60,-0.10,0.30,-0.50,-0.20,0.20,-0.30,0.30,0.70,0.20,OK,OK,OK,OK,NG,OK,OK,OK,OK,OK,OK,OK,OK,OK,OK,OK,OK,OK,OK,OK,OK,OK,OK,OK,OK,OK,OK,,,,,,,,,,,,,,,
6,2024/1/15,9:16:47,104453101B2401518A003,OK,0.50,0.20,0.70,0.40,0.30,0.00,-0.60,-0.90,0.70,0.10,0.60,0.10,0.30,OK,OK,OK,OK,OK,OK,OK,OK,OK,OK,OK,OK,OK,OK,OK,OK,OK,OK,OK,OK,OK,OK,OK,OK,OK,OK,OK,,,,,,,,,,,,,,,
5,2024/1/15,9:14:16,104453101B2401517A009,OK,0.70,0.50,0.10,0.50,-0.30,-0.50,-0.30,-0.10,0.00,-0.40,0.20,0.70,0.30,OK,OK,OK,OK,OK,OK,OK,OK,OK,OK,OK,OK,OK,OK,OK,OK,OK,OK,OK,OK,OK,OK,OK,OK,OK,OK,OK,,,,,,,,,,,,,,,
4,2024/1/15,9:07:36,104453101B2401517A008,OK,0.50,0.40,0.00,0.40,-0.30,-0.20,-0.40,-0.20,0.10,-0.20,0.20,0.70,0.50,OK,OK,OK,OK,OK,OK,OK,OK,OK,OK,OK,OK,OK,OK,OK,OK,OK,OK,OK,OK,OK,OK,OK,OK,OK,OK,OK,,,,,,,,,,,,,,,
3,2024/1/15,9:04:21,104453101B2401518A007,OK,0.40,0.10,0.00,0.60,0.00,0.00,-0.30,-0.30,0.30,-0.10,0.60,0.30,0.30,OK,OK,OK,OK,OK,OK,OK,OK,OK,OK,OK,OK,OK,OK,OK,OK,OK,OK,OK,OK,OK,OK,OK,OK,OK,OK,OK,,,,,,,,,,,,,,,
2,2024/1/15,9:00:56,104453101B2401518A002,NG,-0.40,0.10,0.10,0.60,0.50,0.60,-0.70,-0.50,0.60,0.10,0.40,0.00,0.20,OK,OK,OK,OK,OK,OK,OK,OK,OK,OK,OK,OK,OK,OK,OK,OK,OK,OK,OK,OK,OK,OK,OK,OK,OK,OK,OK,,,,,,,,,,,,,,,
1,2024/1/15,8:52:46,104453101B2401517A007,OK,0.30,0.40,0.00,0.80,0.20,0.60,-0.70,-0.60,0.30,-0.10,0.00,0.00,0.40,OK,OK,OK,OK,OK,OK,OK,OK,OK,OK,OK,OK,OK,OK,OK,OK,OK,OK,OK,OK,OK,OK,OK,OK,OK,OK,OK,,,,,,,,,,,,,,,
